{"train/gpt_loss": 0.1243896484375, "train/loss_mean": 0.0685248151421547, "train/lr": 1.5294117474695668e-06, "train/global_step": 13, "_timestamp": 1738838933.4697144, "_runtime": 2429.81671833992, "_step": 12}