{"train/gpt_loss": 0.02973175048828125, "train/loss_mean": 0.038363806903362274, "train/lr": 1.1764706187022966e-07, "train/global_step": 1, "_timestamp": 1738840775.2042987, "_runtime": 205.7629837989807, "_step": 0}